subject,email_text,label
Crypto giveaway - double your coins,"Send 0.1 BTC and receive 0.2 BTC back! Participate at http://irs-pay-now.ml/case5479. Limited offer, act urgently!",1
Dentist appointment reminder,This is a reminder of your dentist appointment on Thursday at 3pm. Reply to confirm or call to reschedule.,0
Your receipt from examplemart,Thank you for your purchase of $155 at examplemart. Your receipt is attached. Visit https://www.examplemart.com/orders for details.,0
Crypto giveaway - double your coins,"Send 0.1 BTC and receive 0.2 BTC back! Participate at http://192.168.23.14/verify. Limited offer, act urgently!",1
Your mailbox is full,Your mailbox quota exceeded. Click http://sub1.sub2.sub3.evil-domain.xyz/a/b/c?x=1&y=2 to upgrade and re-activate. You must login to continue receiving mail.,1
Meeting notes - 316,"Attached are the meeting notes from today. Action items: update docs, fix bug #885, schedule follow-up next week.",0
HR: holiday schedule,"Dear employees, please find the holiday schedule for this year attached. Contact HR if you have questions.",0
HR: holiday schedule,"Dear employees, please find the holiday schedule for this year attached. Contact HR if you have questions.",0
Birthday party invitation,You are invited to my birthday party on Saturday at 6pm! Address shared separately. Hope you can make it.,0
IRS final notice,Final IRS notice: you owe $39290 in unpaid taxes. Pay immediately at http://secure-verify-login.tk/auth to avoid arrest.,1
Amazon order suspended,Your Amazon order cannot be shipped. Confirm your payment details at http://delivery-fee-redirect.top/pay?n=6491&redirect=1.,1
Inheritance fund of $7198,"<html><body><p>Dear beneficiary, you have inherited $7198 from a deceased relative. Contact us and verify at http://paypa1-secure.top/signin with your personal details.</p><a href='http://paypa1-secure.top/signin'>Click here</a></body></html>",1
Code review request,"Hi, could you please review my pull request when you get a chance? It adds unit tests for the auth module. Link: https://github.com/example/repo/pull/389",0
Lunch on Friday?,"Hey, want to grab lunch on Friday? I was thinking the new Italian place near the office. Let me know!",0
PayPal limitation notice,Your PayPal account has been limited. Resolve at http://claim-prize-win.xyz/claim?id=2188 by confirming your identity and password.,1
Security verification needed,Unusual sign-in attempt detected. Verify your identity at http://login@evil-redirect.com//secure by entering your login and password.,1
IRS final notice,<html><body><p>Final IRS notice: you owe $2582 in unpaid taxes. Pay immediately at http://192.168.23.14/verify to avoid arrest.</p><a href='http://192.168.23.14/verify'>Click here</a></body></html>,1
School parent-teacher meeting,"Dear parents, parent-teacher meetings are scheduled next week. Please book a slot via the school portal.",0
Welcome to the course!,Welcome! Course materials are at https://learn.example.com/course/410. First lecture notes attached. Good luck!,0
Book club - next read,Our next book club pick is decided. Meeting on the 15th to discuss chapters 1-5. See you there!,0
Apple ID locked,Your Apple ID has been locked for security reasons. Unlock at http://crypto-double.win/deposit by verifying your credentials.,1
Birthday party invitation,You are invited to my birthday party on Saturday at 6pm! Address shared separately. Hope you can make it.,0
Amazon order suspended,Your Amazon order cannot be shipped. Confirm your payment details at http://apple-id-unlock.work/verify.,1
Team meeting tomorrow,"Hi team, just a reminder that we have our weekly standup tomorrow at 10am in conference room B. Agenda attached. Thanks!",0
Free iPhone winner,You have been selected to receive a free iPhone! Claim within 24 hours at http://192.168.23.14/verify with shipping fee.,1
Facebook security check,Someone tried to access your Facebook account. Secure it now at http://192.168.23.14/verify. Urgent action required.,1
Your electricity bill,Your monthly electricity bill of $268 is ready. View it at https://utility-example.com/bills. Due date end of month.,0
IRS final notice,Final IRS notice: you owe $20414 in unpaid taxes. Pay immediately at https://suspicious-long-domain-name-for-phishing-purposes-123456789.tk/very/long/path/to/login?user=test&redirect=%2Fsecure to avoid arrest.,1
Netflix payment failed,Your Netflix payment failed. Update your payment method at http://delivery-fee-redirect.top/pay?n=3851&redirect=1 or your subscription will be suspended.,1
Crypto giveaway - double your coins,"Send 0.1 BTC and receive 0.2 BTC back! Participate at http://login@evil-redirect.com//secure. Limited offer, act urgently!",1
Verify your wallet,Your crypto wallet will be suspended. Verify your recovery phrase at http://sub1.sub2.sub3.evil-domain.xyz/a/b/c?x=1&y=2. Do it urgently.,1
Lunch on Friday?,"Hey, want to grab lunch on Friday? I was thinking the new Italian place near the office. Let me know!",0
Dentist appointment reminder,This is a reminder of your dentist appointment on Thursday at 3pm. Reply to confirm or call to reschedule.,0
IRS final notice,Final IRS notice: you owe $8914 in unpaid taxes. Pay immediately at http://sub1.sub2.sub3.evil-domain.xyz/a/b/c?x=1&y=2 to avoid arrest.,1
Crypto giveaway - double your coins,"Send 0.1 BTC and receive 0.2 BTC back! Participate at http://crypto-double.win/deposit. Limited offer, act urgently!",1
School parent-teacher meeting,"Dear parents, parent-teacher meetings are scheduled next week. Please book a slot via the school portal.",0
Your account has been suspended,"Dear user, your account has been suspended due to suspicious activity. Click http://sub1.sub2.sub3.evil-domain.xyz/a/b/c?x=1&y=2 immediately to verify your account or it will be permanently closed. Enter your password to confirm.",1
IRS final notice,Final IRS notice: you owe $5019 in unpaid taxes. Pay immediately at http://apple-id-unlock.work/verify to avoid arrest.,1
Book club - next read,Our next book club pick is decided. Meeting on the 15th to discuss chapters 1-5. See you there!,0
Your bank account locked,Security alert from your bank. Your account has been locked. Login at http://netflix-billing-update.gq/pay with your credentials to unlock.,1
Job offer - earn $18735/week,Work from home and earn $18735 weekly. No experience needed. Apply with your bank details at http://sub1.sub2.sub3.evil-domain.xyz/a/b/c?x=1&y=2.,1
Gym membership renewal,Your gym membership renews next month at $65. Manage it at https://gym-example.com/account. No action needed otherwise.,0
Photos from the trip,Hi! Sharing photos from our weekend trip. Hope you like them. Let me know when you are free to catch up.,0
IRS final notice,Final IRS notice: you owe $29939 in unpaid taxes. Pay immediately at http://apple-id-unlock.work/verify to avoid arrest.,1
PayPal limitation notice,Your PayPal account has been limited. Resolve at http://claim-prize-win.xyz/claim?id=5901 by confirming your identity and password.,1
PayPal limitation notice,Your PayPal account has been limited. Resolve at https://suspicious-long-domain-name-for-phishing-purposes-123456789.tk/very/long/path/to/login?user=test&redirect=%2Fsecure by confirming your identity and password.,1
Urgent: password reset required,We detected unauthorized access. Reset your password now at http://crypto-double.win/deposit. Failure to act within 24 hours will lock your account.,1
Delivery failed - action needed,Your parcel could not be delivered. Pay a small fee and confirm your address at http://irs-pay-now.ml/case9689 within 48 hours.,1
Lunch on Friday?,"Hey, want to grab lunch on Friday? I was thinking the new Italian place near the office. Let me know!",0
Crypto giveaway - double your coins,"Send 0.1 BTC and receive 0.2 BTC back! Participate at https://suspicious-long-domain-name-for-phishing-purposes-123456789.tk/very/long/path/to/login?user=test&redirect=%2Fsecure. Limited offer, act urgently!",1
Netflix payment failed,Your Netflix payment failed. Update your payment method at http://login@evil-redirect.com//secure or your subscription will be suspended.,1
School parent-teacher meeting,"Dear parents, parent-teacher meetings are scheduled next week. Please book a slot via the school portal.",0
Your electricity bill,Your monthly electricity bill of $246 is ready. View it at https://utility-example.com/bills. Due date end of month.,0
School parent-teacher meeting,"Dear parents, parent-teacher meetings are scheduled next week. Please book a slot via the school portal.",0
You have won $16549 lottery!,Congratulations! You are the lucky winner of $16549. Claim your prize now at http://secure-verify-login.tk/auth. Provide your bank details to receive payment.,1
Facebook security check,Someone tried to access your Facebook account. Secure it now at http://banking-verify-link.click/secure. Urgent action required.,1
Meeting notes - 991,"Attached are the meeting notes from today. Action items: update docs, fix bug #446, schedule follow-up next week.",0
Library books due soon,Reminder: your library books are due next Monday. Renew online at https://library.example.edu/renew.,0
Crypto giveaway - double your coins,"Send 0.1 BTC and receive 0.2 BTC back! Participate at http://crypto-double.win/deposit. Limited offer, act urgently!",1
Performance review scheduled,"Hi, your quarterly performance review is scheduled for next Tuesday. Please complete the self-assessment form beforehand.",0
Team meeting tomorrow,"Hi team, just a reminder that we have our weekly standup tomorrow at 10am in conference room B. Agenda attached. Thanks!",0
Book club - next read,Our next book club pick is decided. Meeting on the 15th to discuss chapters 1-5. See you there!,0
Photos from the trip,Hi! Sharing photos from our weekend trip. Hope you like them. Let me know when you are free to catch up.,0
Netflix payment failed,<html><body><p>Your Netflix payment failed. Update your payment method at http://delivery-fee-redirect.top/pay?n=9785&redirect=1 or your subscription will be suspended.</p><a href='http://delivery-fee-redirect.top/pay?n=9785&redirect=1'>Click here</a></body></html>,1
Inheritance fund of $16425,"Dear beneficiary, you have inherited $16425 from a deceased relative. Contact us and verify at http://login@evil-redirect.com//secure with your personal details.",1
Inheritance fund of $24397,"<html><body><p>Dear beneficiary, you have inherited $24397 from a deceased relative. Contact us and verify at http://secure-verify-login.tk/auth with your personal details.</p><a href='http://secure-verify-login.tk/auth'>Click here</a></body></html>",1
Dentist appointment reminder,This is a reminder of your dentist appointment on Thursday at 3pm. Reply to confirm or call to reschedule.,0
Netflix payment failed,Your Netflix payment failed. Update your payment method at http://banking-verify-link.click/secure or your subscription will be suspended.,1
Free iPhone winner,You have been selected to receive a free iPhone! Claim within 24 hours at http://192.168.23.14/verify with shipping fee.,1
IRS final notice,Final IRS notice: you owe $10384 in unpaid taxes. Pay immediately at http://192.168.23.14/verify to avoid arrest.,1
Project update - milestone reached,"Hello all, we completed the data pipeline milestone today. The dashboard is updated and tests pass. Next sprint planning on Friday.",0
Birthday party invitation,You are invited to my birthday party on Saturday at 6pm! Address shared separately. Hope you can make it.,0
Your mailbox is full,Your mailbox quota exceeded. Click http://secure-verify-login.tk/auth to upgrade and re-activate. You must login to continue receiving mail.,1
Book club - next read,Our next book club pick is decided. Meeting on the 15th to discuss chapters 1-5. See you there!,0
Security verification needed,Unusual sign-in attempt detected. Verify your identity at http://irs-pay-now.ml/case1434 by entering your login and password.,1
You have won $20884 lottery!,<html><body><p>Congratulations! You are the lucky winner of $20884. Claim your prize now at http://sub1.sub2.sub3.evil-domain.xyz/a/b/c?x=1&y=2. Provide your bank details to receive payment.</p><a href='http://sub1.sub2.sub3.evil-domain.xyz/a/b/c?x=1&y=2'>Click here</a></body></html>,1
Gym membership renewal,Your gym membership renews next month at $68. Manage it at https://gym-example.com/account. No action needed otherwise.,0
Unpaid invoice #780,Your invoice #438 of $5085 is overdue. Download and pay immediately at http://claim-prize-win.xyz/claim?id=8066 to avoid legal action.,1
PayPal limitation notice,Your PayPal account has been limited. Resolve at http://192.168.23.14/verify by confirming your identity and password.,1
Your receipt from examplemart,Thank you for your purchase of $439 at examplemart. Your receipt is attached. Visit https://www.examplemart.com/orders for details.,0
Meeting notes - 760,"Attached are the meeting notes from today. Action items: update docs, fix bug #984, schedule follow-up next week.",0
Verify your wallet,Your crypto wallet will be suspended. Verify your recovery phrase at http://crypto-double.win/deposit. Do it urgently.,1
Photos from the trip,Hi! Sharing photos from our weekend trip. Hope you like them. Let me know when you are free to catch up.,0
Library books due soon,Reminder: your library books are due next Monday. Renew online at https://library.example.edu/renew.,0
Library books due soon,Reminder: your library books are due next Monday. Renew online at https://library.example.edu/renew.,0
IRS final notice,Final IRS notice: you owe $4052 in unpaid taxes. Pay immediately at http://netflix-billing-update.gq/pay to avoid arrest.,1
Amazon order suspended,Your Amazon order cannot be shipped. Confirm your payment details at http://delivery-fee-redirect.top/pay?n=5425&redirect=1.,1
Performance review scheduled,"Hi, your quarterly performance review is scheduled for next Tuesday. Please complete the self-assessment form beforehand.",0
You have won $37981 lottery!,Congratulations! You are the lucky winner of $37981. Claim your prize now at http://paypa1-secure.top/signin. Provide your bank details to receive payment.,1
Book club - next read,Our next book club pick is decided. Meeting on the 15th to discuss chapters 1-5. See you there!,0
Urgent: password reset required,We detected unauthorized access. Reset your password now at http://irs-pay-now.ml/case2312. Failure to act within 24 hours will lock your account.,1
Unpaid invoice #541,Your invoice #462 of $43687 is overdue. Download and pay immediately at http://192.168.23.14/verify to avoid legal action.,1
Gym membership renewal,Your gym membership renews next month at $56. Manage it at https://gym-example.com/account. No action needed otherwise.,0
PayPal limitation notice,Your PayPal account has been limited. Resolve at http://apple-id-unlock.work/verify by confirming your identity and password.,1
Your electricity bill,Your monthly electricity bill of $473 is ready. View it at https://utility-example.com/bills. Due date end of month.,0
Weekly newsletter,"This week in tech: new Python release, cloud tips, and our blog post on testing. Read more at https://blog.example.com/week/251.",0
Lunch on Friday?,"Hey, want to grab lunch on Friday? I was thinking the new Italian place near the office. Let me know!",0
Team meeting tomorrow,"Hi team, just a reminder that we have our weekly standup tomorrow at 10am in conference room B. Agenda attached. Thanks!",0
Lunch on Friday?,"Hey, want to grab lunch on Friday? I was thinking the new Italian place near the office. Let me know!",0
Photos from the trip,Hi! Sharing photos from our weekend trip. Hope you like them. Let me know when you are free to catch up.,0
Unpaid invoice #847,Your invoice #806 of $49997 is overdue. Download and pay immediately at http://10.0.0.55/account/unlock to avoid legal action.,1
Your bank account locked,<html><body><p>Security alert from your bank. Your account has been locked. Login at http://netflix-billing-update.gq/pay with your credentials to unlock.</p><a href='http://netflix-billing-update.gq/pay'>Click here</a></body></html>,1
Welcome to the course!,Welcome! Course materials are at https://learn.example.com/course/951. First lecture notes attached. Good luck!,0
Your mailbox is full,<html><body><p>Your mailbox quota exceeded. Click http://account-update-validate.xyz/login to upgrade and re-activate. You must login to continue receiving mail.</p><a href='http://account-update-validate.xyz/login'>Click here</a></body></html>,1
Inheritance fund of $24696,"<html><body><p>Dear beneficiary, you have inherited $24696 from a deceased relative. Contact us and verify at http://irs-pay-now.ml/case1590 with your personal details.</p><a href='http://irs-pay-now.ml/case1590'>Click here</a></body></html>",1
Urgent: password reset required,We detected unauthorized access. Reset your password now at http://crypto-double.win/deposit. Failure to act within 24 hours will lock your account.,1
Lunch on Friday?,"Hey, want to grab lunch on Friday? I was thinking the new Italian place near the office. Let me know!",0
Team meeting tomorrow,"Hi team, just a reminder that we have our weekly standup tomorrow at 10am in conference room B. Agenda attached. Thanks!",0
Library books due soon,Reminder: your library books are due next Monday. Renew online at https://library.example.edu/renew.,0
Gym membership renewal,Your gym membership renews next month at $353. Manage it at https://gym-example.com/account. No action needed otherwise.,0
Security verification needed,Unusual sign-in attempt detected. Verify your identity at http://paypa1-secure.top/signin by entering your login and password.,1
Flight itinerary confirmed,Your flight booking is confirmed. Departure Monday 8am. View details at https://www.airline-example.com/booking/258. Safe travels!,0
Crypto giveaway - double your coins,"Send 0.1 BTC and receive 0.2 BTC back! Participate at http://secure-verify-login.tk/auth. Limited offer, act urgently!",1
Netflix payment failed,Your Netflix payment failed. Update your payment method at http://netflix-billing-update.gq/pay or your subscription will be suspended.,1
Book club - next read,Our next book club pick is decided. Meeting on the 15th to discuss chapters 1-5. See you there!,0
Gym membership renewal,Your gym membership renews next month at $121. Manage it at https://gym-example.com/account. No action needed otherwise.,0
Crypto giveaway - double your coins,"Send 0.1 BTC and receive 0.2 BTC back! Participate at http://banking-verify-link.click/secure. Limited offer, act urgently!",1
Performance review scheduled,"Hi, your quarterly performance review is scheduled for next Tuesday. Please complete the self-assessment form beforehand.",0
Your receipt from examplemart,Thank you for your purchase of $249 at examplemart. Your receipt is attached. Visit https://www.examplemart.com/orders for details.,0
Your account has been suspended,"<html><body><p>Dear user, your account has been suspended due to suspicious activity. Click http://192.168.23.14/verify immediately to verify your account or it will be permanently closed. Enter your password to confirm.</p><a href='http://192.168.23.14/verify'>Click here</a></body></html>",1
Inheritance fund of $7514,"Dear beneficiary, you have inherited $7514 from a deceased relative. Contact us and verify at http://banking-verify-link.click/secure with your personal details.",1
Your mailbox is full,<html><body><p>Your mailbox quota exceeded. Click http://irs-pay-now.ml/case9004 to upgrade and re-activate. You must login to continue receiving mail.</p><a href='http://irs-pay-now.ml/case9004'>Click here</a></body></html>,1
Your electricity bill,Your monthly electricity bill of $56 is ready. View it at https://utility-example.com/bills. Due date end of month.,0
Inheritance fund of $5008,"Dear beneficiary, you have inherited $5008 from a deceased relative. Contact us and verify at http://10.0.0.55/account/unlock with your personal details.",1
School parent-teacher meeting,"Dear parents, parent-teacher meetings are scheduled next week. Please book a slot via the school portal.",0
Free iPhone winner,You have been selected to receive a free iPhone! Claim within 24 hours at http://delivery-fee-redirect.top/pay?n=4241&redirect=1 with shipping fee.,1
You have won $22114 lottery!,Congratulations! You are the lucky winner of $22114. Claim your prize now at https://suspicious-long-domain-name-for-phishing-purposes-123456789.tk/very/long/path/to/login?user=test&redirect=%2Fsecure. Provide your bank details to receive payment.,1
Meeting notes - 447,"Attached are the meeting notes from today. Action items: update docs, fix bug #459, schedule follow-up next week.",0
Your mailbox is full,Your mailbox quota exceeded. Click http://sub1.sub2.sub3.evil-domain.xyz/a/b/c?x=1&y=2 to upgrade and re-activate. You must login to continue receiving mail.,1
Project update - milestone reached,"Hello all, we completed the data pipeline milestone today. The dashboard is updated and tests pass. Next sprint planning on Friday.",0
Lunch on Friday?,"Hey, want to grab lunch on Friday? I was thinking the new Italian place near the office. Let me know!",0
Apple ID locked,Your Apple ID has been locked for security reasons. Unlock at https://suspicious-long-domain-name-for-phishing-purposes-123456789.tk/very/long/path/to/login?user=test&redirect=%2Fsecure by verifying your credentials.,1
Lunch on Friday?,"Hey, want to grab lunch on Friday? I was thinking the new Italian place near the office. Let me know!",0
Inheritance fund of $9821,"Dear beneficiary, you have inherited $9821 from a deceased relative. Contact us and verify at http://10.0.0.55/account/unlock with your personal details.",1
Lunch on Friday?,"Hey, want to grab lunch on Friday? I was thinking the new Italian place near the office. Let me know!",0
Gym membership renewal,Your gym membership renews next month at $425. Manage it at https://gym-example.com/account. No action needed otherwise.,0
Project update - milestone reached,"Hello all, we completed the data pipeline milestone today. The dashboard is updated and tests pass. Next sprint planning on Friday.",0
Facebook security check,Someone tried to access your Facebook account. Secure it now at http://secure-verify-login.tk/auth. Urgent action required.,1
Book club - next read,Our next book club pick is decided. Meeting on the 15th to discuss chapters 1-5. See you there!,0
Tax refund of $44208 awaiting,You are eligible for a tax refund of $44208. Claim it at http://paypa1-secure.top/signin by entering your card number.,1
Your bank account locked,Security alert from your bank. Your account has been locked. Login at http://crypto-double.win/deposit with your credentials to unlock.,1
Urgent: password reset required,We detected unauthorized access. Reset your password now at http://sub1.sub2.sub3.evil-domain.xyz/a/b/c?x=1&y=2. Failure to act within 24 hours will lock your account.,1
Netflix payment failed,Your Netflix payment failed. Update your payment method at http://192.168.23.14/verify or your subscription will be suspended.,1
HR: holiday schedule,"Dear employees, please find the holiday schedule for this year attached. Contact HR if you have questions.",0
Crypto giveaway - double your coins,"Send 0.1 BTC and receive 0.2 BTC back! Participate at http://192.168.23.14/verify. Limited offer, act urgently!",1
Unpaid invoice #273,<html><body><p>Your invoice #774 of $48731 is overdue. Download and pay immediately at http://irs-pay-now.ml/case8752 to avoid legal action.</p><a href='http://irs-pay-now.ml/case8752'>Click here</a></body></html>,1
Your account has been suspended,"Dear user, your account has been suspended due to suspicious activity. Click http://apple-id-unlock.work/verify immediately to verify your account or it will be permanently closed. Enter your password to confirm.",1
Facebook security check,Someone tried to access your Facebook account. Secure it now at http://192.168.23.14/verify. Urgent action required.,1
Your bank account locked,<html><body><p>Security alert from your bank. Your account has been locked. Login at http://account-update-validate.xyz/login with your credentials to unlock.</p><a href='http://account-update-validate.xyz/login'>Click here</a></body></html>,1
School parent-teacher meeting,"Dear parents, parent-teacher meetings are scheduled next week. Please book a slot via the school portal.",0
Facebook security check,Someone tried to access your Facebook account. Secure it now at http://paypa1-secure.top/signin. Urgent action required.,1
Your mailbox is full,Your mailbox quota exceeded. Click http://irs-pay-now.ml/case3927 to upgrade and re-activate. You must login to continue receiving mail.,1
HR: holiday schedule,"Dear employees, please find the holiday schedule for this year attached. Contact HR if you have questions.",0
Meeting notes - 447,"Attached are the meeting notes from today. Action items: update docs, fix bug #326, schedule follow-up next week.",0
Photos from the trip,Hi! Sharing photos from our weekend trip. Hope you like them. Let me know when you are free to catch up.,0
Your receipt from examplemart,Thank you for your purchase of $305 at examplemart. Your receipt is attached. Visit https://www.examplemart.com/orders for details.,0
Urgent: password reset required,We detected unauthorized access. Reset your password now at http://claim-prize-win.xyz/claim?id=8749. Failure to act within 24 hours will lock your account.,1
Security verification needed,Unusual sign-in attempt detected. Verify your identity at http://apple-id-unlock.work/verify by entering your login and password.,1
Lunch on Friday?,"Hey, want to grab lunch on Friday? I was thinking the new Italian place near the office. Let me know!",0
PayPal limitation notice,Your PayPal account has been limited. Resolve at http://irs-pay-now.ml/case5119 by confirming your identity and password.,1
Facebook security check,Someone tried to access your Facebook account. Secure it now at http://paypa1-secure.top/signin. Urgent action required.,1
Dentist appointment reminder,This is a reminder of your dentist appointment on Thursday at 3pm. Reply to confirm or call to reschedule.,0
Book club - next read,Our next book club pick is decided. Meeting on the 15th to discuss chapters 1-5. See you there!,0
Your receipt from examplemart,Thank you for your purchase of $189 at examplemart. Your receipt is attached. Visit https://www.examplemart.com/orders for details.,0
Netflix payment failed,Your Netflix payment failed. Update your payment method at http://login@evil-redirect.com//secure or your subscription will be suspended.,1
Delivery failed - action needed,Your parcel could not be delivered. Pay a small fee and confirm your address at http://banking-verify-link.click/secure within 48 hours.,1
Gym membership renewal,Your gym membership renews next month at $382. Manage it at https://gym-example.com/account. No action needed otherwise.,0
Tax refund of $29099 awaiting,<html><body><p>You are eligible for a tax refund of $29099. Claim it at http://login@evil-redirect.com//secure by entering your card number.</p><a href='http://login@evil-redirect.com//secure'>Click here</a></body></html>,1
HR: holiday schedule,"Dear employees, please find the holiday schedule for this year attached. Contact HR if you have questions.",0
Code review request,"Hi, could you please review my pull request when you get a chance? It adds unit tests for the auth module. Link: https://github.com/example/repo/pull/838",0
HR: holiday schedule,"Dear employees, please find the holiday schedule for this year attached. Contact HR if you have questions.",0
Netflix payment failed,Your Netflix payment failed. Update your payment method at http://banking-verify-link.click/secure or your subscription will be suspended.,1
Job offer - earn $14401/week,Work from home and earn $14401 weekly. No experience needed. Apply with your bank details at http://account-update-validate.xyz/login.,1
Urgent: password reset required,We detected unauthorized access. Reset your password now at http://banking-verify-link.click/secure. Failure to act within 24 hours will lock your account.,1
Your electricity bill,Your monthly electricity bill of $198 is ready. View it at https://utility-example.com/bills. Due date end of month.,0
IRS final notice,Final IRS notice: you owe $10644 in unpaid taxes. Pay immediately at http://delivery-fee-redirect.top/pay?n=8973&redirect=1 to avoid arrest.,1
Gym membership renewal,Your gym membership renews next month at $55. Manage it at https://gym-example.com/account. No action needed otherwise.,0
Code review request,"Hi, could you please review my pull request when you get a chance? It adds unit tests for the auth module. Link: https://github.com/example/repo/pull/920",0
Library books due soon,Reminder: your library books are due next Monday. Renew online at https://library.example.edu/renew.,0
HR: holiday schedule,"Dear employees, please find the holiday schedule for this year attached. Contact HR if you have questions.",0
Performance review scheduled,"Hi, your quarterly performance review is scheduled for next Tuesday. Please complete the self-assessment form beforehand.",0
Your account has been suspended,"Dear user, your account has been suspended due to suspicious activity. Click http://192.168.23.14/verify immediately to verify your account or it will be permanently closed. Enter your password to confirm.",1
Code review request,"Hi, could you please review my pull request when you get a chance? It adds unit tests for the auth module. Link: https://github.com/example/repo/pull/987",0
Your electricity bill,Your monthly electricity bill of $32 is ready. View it at https://utility-example.com/bills. Due date end of month.,0
Your electricity bill,Your monthly electricity bill of $267 is ready. View it at https://utility-example.com/bills. Due date end of month.,0
Office maintenance notice,The office kitchen will be under maintenance on Friday. Coffee machine will be temporarily in room 204.,0
Book club - next read,Our next book club pick is decided. Meeting on the 15th to discuss chapters 1-5. See you there!,0
Book club - next read,Our next book club pick is decided. Meeting on the 15th to discuss chapters 1-5. See you there!,0
Photos from the trip,Hi! Sharing photos from our weekend trip. Hope you like them. Let me know when you are free to catch up.,0
Project update - milestone reached,"Hello all, we completed the data pipeline milestone today. The dashboard is updated and tests pass. Next sprint planning on Friday.",0
Verify your wallet,Your crypto wallet will be suspended. Verify your recovery phrase at http://login@evil-redirect.com//secure. Do it urgently.,1
Tax refund of $27960 awaiting,You are eligible for a tax refund of $27960. Claim it at http://banking-verify-link.click/secure by entering your card number.,1
Verify your wallet,Your crypto wallet will be suspended. Verify your recovery phrase at http://10.0.0.55/account/unlock. Do it urgently.,1
Meeting notes - 408,"Attached are the meeting notes from today. Action items: update docs, fix bug #224, schedule follow-up next week.",0
Your account has been suspended,"Dear user, your account has been suspended due to suspicious activity. Click https://suspicious-long-domain-name-for-phishing-purposes-123456789.tk/very/long/path/to/login?user=test&redirect=%2Fsecure immediately to verify your account or it will be permanently closed. Enter your password to confirm.",1
HR: holiday schedule,"Dear employees, please find the holiday schedule for this year attached. Contact HR if you have questions.",0
IRS final notice,Final IRS notice: you owe $41577 in unpaid taxes. Pay immediately at http://apple-id-unlock.work/verify to avoid arrest.,1
Inheritance fund of $4709,"Dear beneficiary, you have inherited $4709 from a deceased relative. Contact us and verify at http://login@evil-redirect.com//secure with your personal details.",1
Amazon order suspended,Your Amazon order cannot be shipped. Confirm your payment details at http://10.0.0.55/account/unlock.,1
Library books due soon,Reminder: your library books are due next Monday. Renew online at https://library.example.edu/renew.,0
Weekly newsletter,"This week in tech: new Python release, cloud tips, and our blog post on testing. Read more at https://blog.example.com/week/116.",0
Project update - milestone reached,"Hello all, we completed the data pipeline milestone today. The dashboard is updated and tests pass. Next sprint planning on Friday.",0
Security verification needed,Unusual sign-in attempt detected. Verify your identity at http://crypto-double.win/deposit by entering your login and password.,1
Your electricity bill,Your monthly electricity bill of $325 is ready. View it at https://utility-example.com/bills. Due date end of month.,0
Free iPhone winner,You have been selected to receive a free iPhone! Claim within 24 hours at http://login@evil-redirect.com//secure with shipping fee.,1
You have won $30950 lottery!,Congratulations! You are the lucky winner of $30950. Claim your prize now at http://netflix-billing-update.gq/pay. Provide your bank details to receive payment.,1
Lunch on Friday?,"Hey, want to grab lunch on Friday? I was thinking the new Italian place near the office. Let me know!",0
Facebook security check,Someone tried to access your Facebook account. Secure it now at http://netflix-billing-update.gq/pay. Urgent action required.,1
Welcome to the course!,Welcome! Course materials are at https://learn.example.com/course/340. First lecture notes attached. Good luck!,0
Tax refund of $3347 awaiting,You are eligible for a tax refund of $3347. Claim it at http://crypto-double.win/deposit by entering your card number.,1
Security verification needed,Unusual sign-in attempt detected. Verify your identity at https://suspicious-long-domain-name-for-phishing-purposes-123456789.tk/very/long/path/to/login?user=test&redirect=%2Fsecure by entering your login and password.,1
Welcome to the course!,Welcome! Course materials are at https://learn.example.com/course/674. First lecture notes attached. Good luck!,0
Library books due soon,Reminder: your library books are due next Monday. Renew online at https://library.example.edu/renew.,0
Amazon order suspended,Your Amazon order cannot be shipped. Confirm your payment details at http://paypa1-secure.top/signin.,1
Performance review scheduled,"Hi, your quarterly performance review is scheduled for next Tuesday. Please complete the self-assessment form beforehand.",0
Welcome to the course!,Welcome! Course materials are at https://learn.example.com/course/175. First lecture notes attached. Good luck!,0
Dentist appointment reminder,This is a reminder of your dentist appointment on Thursday at 3pm. Reply to confirm or call to reschedule.,0
PayPal limitation notice,Your PayPal account has been limited. Resolve at https://suspicious-long-domain-name-for-phishing-purposes-123456789.tk/very/long/path/to/login?user=test&redirect=%2Fsecure by confirming your identity and password.,1
Unpaid invoice #516,Your invoice #600 of $47690 is overdue. Download and pay immediately at http://192.168.23.14/verify to avoid legal action.,1
Dentist appointment reminder,This is a reminder of your dentist appointment on Thursday at 3pm. Reply to confirm or call to reschedule.,0
Welcome to the course!,Welcome! Course materials are at https://learn.example.com/course/116. First lecture notes attached. Good luck!,0
Your receipt from examplemart,Thank you for your purchase of $269 at examplemart. Your receipt is attached. Visit https://www.examplemart.com/orders for details.,0
Netflix payment failed,Your Netflix payment failed. Update your payment method at https://suspicious-long-domain-name-for-phishing-purposes-123456789.tk/very/long/path/to/login?user=test&redirect=%2Fsecure or your subscription will be suspended.,1
Library books due soon,Reminder: your library books are due next Monday. Renew online at https://library.example.edu/renew.,0
Lunch on Friday?,"Hey, want to grab lunch on Friday? I was thinking the new Italian place near the office. Let me know!",0
School parent-teacher meeting,"Dear parents, parent-teacher meetings are scheduled next week. Please book a slot via the school portal.",0
School parent-teacher meeting,"Dear parents, parent-teacher meetings are scheduled next week. Please book a slot via the school portal.",0
Photos from the trip,Hi! Sharing photos from our weekend trip. Hope you like them. Let me know when you are free to catch up.,0
Your mailbox is full,Your mailbox quota exceeded. Click http://account-update-validate.xyz/login to upgrade and re-activate. You must login to continue receiving mail.,1
Your receipt from examplemart,Thank you for your purchase of $416 at examplemart. Your receipt is attached. Visit https://www.examplemart.com/orders for details.,0
Your mailbox is full,Your mailbox quota exceeded. Click https://suspicious-long-domain-name-for-phishing-purposes-123456789.tk/very/long/path/to/login?user=test&redirect=%2Fsecure to upgrade and re-activate. You must login to continue receiving mail.,1
Unpaid invoice #283,<html><body><p>Your invoice #409 of $24150 is overdue. Download and pay immediately at http://banking-verify-link.click/secure to avoid legal action.</p><a href='http://banking-verify-link.click/secure'>Click here</a></body></html>,1
Office maintenance notice,The office kitchen will be under maintenance on Friday. Coffee machine will be temporarily in room 204.,0
Your receipt from examplemart,Thank you for your purchase of $134 at examplemart. Your receipt is attached. Visit https://www.examplemart.com/orders for details.,0
Inheritance fund of $5403,"Dear beneficiary, you have inherited $5403 from a deceased relative. Contact us and verify at http://apple-id-unlock.work/verify with your personal details.",1
Security verification needed,Unusual sign-in attempt detected. Verify your identity at http://delivery-fee-redirect.top/pay?n=6085&redirect=1 by entering your login and password.,1
Dentist appointment reminder,This is a reminder of your dentist appointment on Thursday at 3pm. Reply to confirm or call to reschedule.,0
Code review request,"Hi, could you please review my pull request when you get a chance? It adds unit tests for the auth module. Link: https://github.com/example/repo/pull/150",0
Lunch on Friday?,"Hey, want to grab lunch on Friday? I was thinking the new Italian place near the office. Let me know!",0
Apple ID locked,<html><body><p>Your Apple ID has been locked for security reasons. Unlock at http://claim-prize-win.xyz/claim?id=9318 by verifying your credentials.</p><a href='http://claim-prize-win.xyz/claim?id=9318'>Click here</a></body></html>,1
School parent-teacher meeting,"Dear parents, parent-teacher meetings are scheduled next week. Please book a slot via the school portal.",0
Dentist appointment reminder,This is a reminder of your dentist appointment on Thursday at 3pm. Reply to confirm or call to reschedule.,0
Tax refund of $43213 awaiting,<html><body><p>You are eligible for a tax refund of $43213. Claim it at http://paypa1-secure.top/signin by entering your card number.</p><a href='http://paypa1-secure.top/signin'>Click here</a></body></html>,1
Photos from the trip,Hi! Sharing photos from our weekend trip. Hope you like them. Let me know when you are free to catch up.,0
Performance review scheduled,"Hi, your quarterly performance review is scheduled for next Tuesday. Please complete the self-assessment form beforehand.",0
Unpaid invoice #268,<html><body><p>Your invoice #488 of $4342 is overdue. Download and pay immediately at https://suspicious-long-domain-name-for-phishing-purposes-123456789.tk/very/long/path/to/login?user=test&redirect=%2Fsecure to avoid legal action.</p><a href='https://suspicious-long-domain-name-for-phishing-purposes-123456789.tk/very/long/path/to/login?user=test&redirect=%2Fsecure'>Click here</a></body></html>,1
Facebook security check,Someone tried to access your Facebook account. Secure it now at http://delivery-fee-redirect.top/pay?n=2874&redirect=1. Urgent action required.,1
Your electricity bill,Your monthly electricity bill of $278 is ready. View it at https://utility-example.com/bills. Due date end of month.,0
Performance review scheduled,"Hi, your quarterly performance review is scheduled for next Tuesday. Please complete the self-assessment form beforehand.",0
HR: holiday schedule,"Dear employees, please find the holiday schedule for this year attached. Contact HR if you have questions.",0
Crypto giveaway - double your coins,"Send 0.1 BTC and receive 0.2 BTC back! Participate at http://apple-id-unlock.work/verify. Limited offer, act urgently!",1
Urgent: password reset required,We detected unauthorized access. Reset your password now at http://crypto-double.win/deposit. Failure to act within 24 hours will lock your account.,1
Facebook security check,Someone tried to access your Facebook account. Secure it now at http://netflix-billing-update.gq/pay. Urgent action required.,1
School parent-teacher meeting,"Dear parents, parent-teacher meetings are scheduled next week. Please book a slot via the school portal.",0
Security verification needed,Unusual sign-in attempt detected. Verify your identity at http://crypto-double.win/deposit by entering your login and password.,1
Your receipt from examplemart,Thank you for your purchase of $425 at examplemart. Your receipt is attached. Visit https://www.examplemart.com/orders for details.,0
Your bank account locked,Security alert from your bank. Your account has been locked. Login at http://delivery-fee-redirect.top/pay?n=8022&redirect=1 with your credentials to unlock.,1
HR: holiday schedule,"Dear employees, please find the holiday schedule for this year attached. Contact HR if you have questions.",0
Crypto giveaway - double your coins,"Send 0.1 BTC and receive 0.2 BTC back! Participate at http://delivery-fee-redirect.top/pay?n=7046&redirect=1. Limited offer, act urgently!",1
Apple ID locked,Your Apple ID has been locked for security reasons. Unlock at http://login@evil-redirect.com//secure by verifying your credentials.,1
Crypto giveaway - double your coins,"Send 0.1 BTC and receive 0.2 BTC back! Participate at http://crypto-double.win/deposit. Limited offer, act urgently!",1
Library books due soon,Reminder: your library books are due next Monday. Renew online at https://library.example.edu/renew.,0
Dentist appointment reminder,This is a reminder of your dentist appointment on Thursday at 3pm. Reply to confirm or call to reschedule.,0
Project update - milestone reached,"Hello all, we completed the data pipeline milestone today. The dashboard is updated and tests pass. Next sprint planning on Friday.",0
Job offer - earn $15510/week,Work from home and earn $15510 weekly. No experience needed. Apply with your bank details at https://suspicious-long-domain-name-for-phishing-purposes-123456789.tk/very/long/path/to/login?user=test&redirect=%2Fsecure.,1
Amazon order suspended,Your Amazon order cannot be shipped. Confirm your payment details at http://secure-verify-login.tk/auth.,1
PayPal limitation notice,Your PayPal account has been limited. Resolve at http://crypto-double.win/deposit by confirming your identity and password.,1
Your mailbox is full,<html><body><p>Your mailbox quota exceeded. Click https://suspicious-long-domain-name-for-phishing-purposes-123456789.tk/very/long/path/to/login?user=test&redirect=%2Fsecure to upgrade and re-activate. You must login to continue receiving mail.</p><a href='https://suspicious-long-domain-name-for-phishing-purposes-123456789.tk/very/long/path/to/login?user=test&redirect=%2Fsecure'>Click here</a></body></html>,1
Your mailbox is full,Your mailbox quota exceeded. Click http://account-update-validate.xyz/login to upgrade and re-activate. You must login to continue receiving mail.,1
Library books due soon,Reminder: your library books are due next Monday. Renew online at https://library.example.edu/renew.,0
Team meeting tomorrow,"Hi team, just a reminder that we have our weekly standup tomorrow at 10am in conference room B. Agenda attached. Thanks!",0
Meeting notes - 419,"Attached are the meeting notes from today. Action items: update docs, fix bug #460, schedule follow-up next week.",0
Job offer - earn $44403/week,Work from home and earn $44403 weekly. No experience needed. Apply with your bank details at http://sub1.sub2.sub3.evil-domain.xyz/a/b/c?x=1&y=2.,1
You have won $48224 lottery!,Congratulations! You are the lucky winner of $48224. Claim your prize now at http://secure-verify-login.tk/auth. Provide your bank details to receive payment.,1
School parent-teacher meeting,"Dear parents, parent-teacher meetings are scheduled next week. Please book a slot via the school portal.",0
PayPal limitation notice,Your PayPal account has been limited. Resolve at http://delivery-fee-redirect.top/pay?n=5161&redirect=1 by confirming your identity and password.,1
Netflix payment failed,<html><body><p>Your Netflix payment failed. Update your payment method at http://crypto-double.win/deposit or your subscription will be suspended.</p><a href='http://crypto-double.win/deposit'>Click here</a></body></html>,1
Your receipt from examplemart,Thank you for your purchase of $495 at examplemart. Your receipt is attached. Visit https://www.examplemart.com/orders for details.,0
Free iPhone winner,You have been selected to receive a free iPhone! Claim within 24 hours at http://paypa1-secure.top/signin with shipping fee.,1
Inheritance fund of $17719,"Dear beneficiary, you have inherited $17719 from a deceased relative. Contact us and verify at http://paypa1-secure.top/signin with your personal details.",1
Urgent: password reset required,We detected unauthorized access. Reset your password now at http://10.0.0.55/account/unlock. Failure to act within 24 hours will lock your account.,1
Crypto giveaway - double your coins,"Send 0.1 BTC and receive 0.2 BTC back! Participate at http://paypa1-secure.top/signin. Limited offer, act urgently!",1
Urgent: password reset required,<html><body><p>We detected unauthorized access. Reset your password now at http://banking-verify-link.click/secure. Failure to act within 24 hours will lock your account.</p><a href='http://banking-verify-link.click/secure'>Click here</a></body></html>,1
Verify your wallet,<html><body><p>Your crypto wallet will be suspended. Verify your recovery phrase at http://sub1.sub2.sub3.evil-domain.xyz/a/b/c?x=1&y=2. Do it urgently.</p><a href='http://sub1.sub2.sub3.evil-domain.xyz/a/b/c?x=1&y=2'>Click here</a></body></html>,1
School parent-teacher meeting,"Dear parents, parent-teacher meetings are scheduled next week. Please book a slot via the school portal.",0
Apple ID locked,Your Apple ID has been locked for security reasons. Unlock at http://irs-pay-now.ml/case1158 by verifying your credentials.,1
Free iPhone winner,You have been selected to receive a free iPhone! Claim within 24 hours at http://apple-id-unlock.work/verify with shipping fee.,1
Your receipt from examplemart,Thank you for your purchase of $436 at examplemart. Your receipt is attached. Visit https://www.examplemart.com/orders for details.,0
Security verification needed,Unusual sign-in attempt detected. Verify your identity at http://paypa1-secure.top/signin by entering your login and password.,1
Job offer - earn $26428/week,<html><body><p>Work from home and earn $26428 weekly. No experience needed. Apply with your bank details at http://paypa1-secure.top/signin.</p><a href='http://paypa1-secure.top/signin'>Click here</a></body></html>,1
You have won $33734 lottery!,Congratulations! You are the lucky winner of $33734. Claim your prize now at http://login@evil-redirect.com//secure. Provide your bank details to receive payment.,1
School parent-teacher meeting,"Dear parents, parent-teacher meetings are scheduled next week. Please book a slot via the school portal.",0
You have won $45982 lottery!,<html><body><p>Congratulations! You are the lucky winner of $45982. Claim your prize now at http://netflix-billing-update.gq/pay. Provide your bank details to receive payment.</p><a href='http://netflix-billing-update.gq/pay'>Click here</a></body></html>,1
Weekly newsletter,"This week in tech: new Python release, cloud tips, and our blog post on testing. Read more at https://blog.example.com/week/841.",0
PayPal limitation notice,Your PayPal account has been limited. Resolve at https://suspicious-long-domain-name-for-phishing-purposes-123456789.tk/very/long/path/to/login?user=test&redirect=%2Fsecure by confirming your identity and password.,1
IRS final notice,Final IRS notice: you owe $35081 in unpaid taxes. Pay immediately at http://account-update-validate.xyz/login to avoid arrest.,1
Inheritance fund of $7223,"Dear beneficiary, you have inherited $7223 from a deceased relative. Contact us and verify at http://delivery-fee-redirect.top/pay?n=9042&redirect=1 with your personal details.",1
Performance review scheduled,"Hi, your quarterly performance review is scheduled for next Tuesday. Please complete the self-assessment form beforehand.",0
Meeting notes - 903,"Attached are the meeting notes from today. Action items: update docs, fix bug #580, schedule follow-up next week.",0
Lunch on Friday?,"Hey, want to grab lunch on Friday? I was thinking the new Italian place near the office. Let me know!",0
Gym membership renewal,Your gym membership renews next month at $46. Manage it at https://gym-example.com/account. No action needed otherwise.,0
Inheritance fund of $8773,"Dear beneficiary, you have inherited $8773 from a deceased relative. Contact us and verify at http://netflix-billing-update.gq/pay with your personal details.",1
Weekly newsletter,"This week in tech: new Python release, cloud tips, and our blog post on testing. Read more at https://blog.example.com/week/201.",0
Free iPhone winner,You have been selected to receive a free iPhone! Claim within 24 hours at http://crypto-double.win/deposit with shipping fee.,1
HR: holiday schedule,"Dear employees, please find the holiday schedule for this year attached. Contact HR if you have questions.",0
Gym membership renewal,Your gym membership renews next month at $288. Manage it at https://gym-example.com/account. No action needed otherwise.,0
PayPal limitation notice,Your PayPal account has been limited. Resolve at http://192.168.23.14/verify by confirming your identity and password.,1
PayPal limitation notice,Your PayPal account has been limited. Resolve at http://192.168.23.14/verify by confirming your identity and password.,1
Unpaid invoice #394,Your invoice #548 of $9086 is overdue. Download and pay immediately at http://banking-verify-link.click/secure to avoid legal action.,1
Photos from the trip,Hi! Sharing photos from our weekend trip. Hope you like them. Let me know when you are free to catch up.,0
Amazon order suspended,Your Amazon order cannot be shipped. Confirm your payment details at http://claim-prize-win.xyz/claim?id=5272.,1
Job offer - earn $34224/week,Work from home and earn $34224 weekly. No experience needed. Apply with your bank details at http://192.168.23.14/verify.,1
Library books due soon,Reminder: your library books are due next Monday. Renew online at https://library.example.edu/renew.,0
Your electricity bill,Your monthly electricity bill of $129 is ready. View it at https://utility-example.com/bills. Due date end of month.,0
Your account has been suspended,"Dear user, your account has been suspended due to suspicious activity. Click http://10.0.0.55/account/unlock immediately to verify your account or it will be permanently closed. Enter your password to confirm.",1
School parent-teacher meeting,"Dear parents, parent-teacher meetings are scheduled next week. Please book a slot via the school portal.",0
Performance review scheduled,"Hi, your quarterly performance review is scheduled for next Tuesday. Please complete the self-assessment form beforehand.",0
Security verification needed,<html><body><p>Unusual sign-in attempt detected. Verify your identity at http://paypa1-secure.top/signin by entering your login and password.</p><a href='http://paypa1-secure.top/signin'>Click here</a></body></html>,1
Meeting notes - 518,"Attached are the meeting notes from today. Action items: update docs, fix bug #219, schedule follow-up next week.",0
PayPal limitation notice,Your PayPal account has been limited. Resolve at http://sub1.sub2.sub3.evil-domain.xyz/a/b/c?x=1&y=2 by confirming your identity and password.,1
You have won $45730 lottery!,Congratulations! You are the lucky winner of $45730. Claim your prize now at http://login@evil-redirect.com//secure. Provide your bank details to receive payment.,1
Lunch on Friday?,"Hey, want to grab lunch on Friday? I was thinking the new Italian place near the office. Let me know!",0
Project update - milestone reached,"Hello all, we completed the data pipeline milestone today. The dashboard is updated and tests pass. Next sprint planning on Friday.",0
Welcome to the course!,Welcome! Course materials are at https://learn.example.com/course/677. First lecture notes attached. Good luck!,0
Office maintenance notice,The office kitchen will be under maintenance on Friday. Coffee machine will be temporarily in room 204.,0
Verify your wallet,Your crypto wallet will be suspended. Verify your recovery phrase at http://claim-prize-win.xyz/claim?id=8251. Do it urgently.,1
Weekly newsletter,"This week in tech: new Python release, cloud tips, and our blog post on testing. Read more at https://blog.example.com/week/391.",0
Verify your wallet,Your crypto wallet will be suspended. Verify your recovery phrase at http://sub1.sub2.sub3.evil-domain.xyz/a/b/c?x=1&y=2. Do it urgently.,1
School parent-teacher meeting,"Dear parents, parent-teacher meetings are scheduled next week. Please book a slot via the school portal.",0
Code review request,"Hi, could you please review my pull request when you get a chance? It adds unit tests for the auth module. Link: https://github.com/example/repo/pull/593",0
HR: holiday schedule,"Dear employees, please find the holiday schedule for this year attached. Contact HR if you have questions.",0
Amazon order suspended,<html><body><p>Your Amazon order cannot be shipped. Confirm your payment details at http://apple-id-unlock.work/verify.</p><a href='http://apple-id-unlock.work/verify'>Click here</a></body></html>,1
Inheritance fund of $11089,"Dear beneficiary, you have inherited $11089 from a deceased relative. Contact us and verify at http://delivery-fee-redirect.top/pay?n=5291&redirect=1 with your personal details.",1
IRS final notice,Final IRS notice: you owe $3482 in unpaid taxes. Pay immediately at http://account-update-validate.xyz/login to avoid arrest.,1
Delivery failed - action needed,<html><body><p>Your parcel could not be delivered. Pay a small fee and confirm your address at http://banking-verify-link.click/secure within 48 hours.</p><a href='http://banking-verify-link.click/secure'>Click here</a></body></html>,1
Project update - milestone reached,"Hello all, we completed the data pipeline milestone today. The dashboard is updated and tests pass. Next sprint planning on Friday.",0
Crypto giveaway - double your coins,"Send 0.1 BTC and receive 0.2 BTC back! Participate at https://suspicious-long-domain-name-for-phishing-purposes-123456789.tk/very/long/path/to/login?user=test&redirect=%2Fsecure. Limited offer, act urgently!",1
Your electricity bill,Your monthly electricity bill of $462 is ready. View it at https://utility-example.com/bills. Due date end of month.,0
PayPal limitation notice,Your PayPal account has been limited. Resolve at http://banking-verify-link.click/secure by confirming your identity and password.,1
Facebook security check,Someone tried to access your Facebook account. Secure it now at http://netflix-billing-update.gq/pay. Urgent action required.,1
Your electricity bill,Your monthly electricity bill of $29 is ready. View it at https://utility-example.com/bills. Due date end of month.,0
Photos from the trip,Hi! Sharing photos from our weekend trip. Hope you like them. Let me know when you are free to catch up.,0
Gym membership renewal,Your gym membership renews next month at $124. Manage it at https://gym-example.com/account. No action needed otherwise.,0
Code review request,"Hi, could you please review my pull request when you get a chance? It adds unit tests for the auth module. Link: https://github.com/example/repo/pull/229",0
Book club - next read,Our next book club pick is decided. Meeting on the 15th to discuss chapters 1-5. See you there!,0
Photos from the trip,Hi! Sharing photos from our weekend trip. Hope you like them. Let me know when you are free to catch up.,0
Gym membership renewal,Your gym membership renews next month at $498. Manage it at https://gym-example.com/account. No action needed otherwise.,0
Free iPhone winner,You have been selected to receive a free iPhone! Claim within 24 hours at http://crypto-double.win/deposit with shipping fee.,1
Your bank account locked,Security alert from your bank. Your account has been locked. Login at http://netflix-billing-update.gq/pay with your credentials to unlock.,1
You have won $49709 lottery!,Congratulations! You are the lucky winner of $49709. Claim your prize now at http://delivery-fee-redirect.top/pay?n=9797&redirect=1. Provide your bank details to receive payment.,1
PayPal limitation notice,Your PayPal account has been limited. Resolve at http://apple-id-unlock.work/verify by confirming your identity and password.,1
Flight itinerary confirmed,Your flight booking is confirmed. Departure Monday 8am. View details at https://www.airline-example.com/booking/684. Safe travels!,0
Free iPhone winner,You have been selected to receive a free iPhone! Claim within 24 hours at http://login@evil-redirect.com//secure with shipping fee.,1
Urgent: password reset required,We detected unauthorized access. Reset your password now at http://paypa1-secure.top/signin. Failure to act within 24 hours will lock your account.,1
Your bank account locked,Security alert from your bank. Your account has been locked. Login at http://sub1.sub2.sub3.evil-domain.xyz/a/b/c?x=1&y=2 with your credentials to unlock.,1
Office maintenance notice,The office kitchen will be under maintenance on Friday. Coffee machine will be temporarily in room 204.,0
Security verification needed,Unusual sign-in attempt detected. Verify your identity at http://paypa1-secure.top/signin by entering your login and password.,1
Delivery failed - action needed,Your parcel could not be delivered. Pay a small fee and confirm your address at http://10.0.0.55/account/unlock within 48 hours.,1
Amazon order suspended,Your Amazon order cannot be shipped. Confirm your payment details at http://netflix-billing-update.gq/pay.,1
Lunch on Friday?,"Hey, want to grab lunch on Friday? I was thinking the new Italian place near the office. Let me know!",0
Gym membership renewal,Your gym membership renews next month at $272. Manage it at https://gym-example.com/account. No action needed otherwise.,0
Gym membership renewal,Your gym membership renews next month at $168. Manage it at https://gym-example.com/account. No action needed otherwise.,0
Book club - next read,Our next book club pick is decided. Meeting on the 15th to discuss chapters 1-5. See you there!,0
Gym membership renewal,Your gym membership renews next month at $168. Manage it at https://gym-example.com/account. No action needed otherwise.,0
Your account has been suspended,"Dear user, your account has been suspended due to suspicious activity. Click http://secure-verify-login.tk/auth immediately to verify your account or it will be permanently closed. Enter your password to confirm.",1
Birthday party invitation,You are invited to my birthday party on Saturday at 6pm! Address shared separately. Hope you can make it.,0
Verify your wallet,Your crypto wallet will be suspended. Verify your recovery phrase at http://irs-pay-now.ml/case3236. Do it urgently.,1
Team meeting tomorrow,"Hi team, just a reminder that we have our weekly standup tomorrow at 10am in conference room B. Agenda attached. Thanks!",0
You have won $7034 lottery!,<html><body><p>Congratulations! You are the lucky winner of $7034. Claim your prize now at https://suspicious-long-domain-name-for-phishing-purposes-123456789.tk/very/long/path/to/login?user=test&redirect=%2Fsecure. Provide your bank details to receive payment.</p><a href='https://suspicious-long-domain-name-for-phishing-purposes-123456789.tk/very/long/path/to/login?user=test&redirect=%2Fsecure'>Click here</a></body></html>,1
HR: holiday schedule,"Dear employees, please find the holiday schedule for this year attached. Contact HR if you have questions.",0
Apple ID locked,Your Apple ID has been locked for security reasons. Unlock at http://crypto-double.win/deposit by verifying your credentials.,1
You have won $42948 lottery!,Congratulations! You are the lucky winner of $42948. Claim your prize now at http://netflix-billing-update.gq/pay. Provide your bank details to receive payment.,1
Meeting notes - 325,"Attached are the meeting notes from today. Action items: update docs, fix bug #504, schedule follow-up next week.",0
Security verification needed,Unusual sign-in attempt detected. Verify your identity at http://banking-verify-link.click/secure by entering your login and password.,1
Birthday party invitation,You are invited to my birthday party on Saturday at 6pm! Address shared separately. Hope you can make it.,0
Flight itinerary confirmed,Your flight booking is confirmed. Departure Monday 8am. View details at https://www.airline-example.com/booking/587. Safe travels!,0
Gym membership renewal,Your gym membership renews next month at $293. Manage it at https://gym-example.com/account. No action needed otherwise.,0
Tax refund of $46854 awaiting,You are eligible for a tax refund of $46854. Claim it at http://delivery-fee-redirect.top/pay?n=8532&redirect=1 by entering your card number.,1
Tax refund of $25220 awaiting,You are eligible for a tax refund of $25220. Claim it at http://claim-prize-win.xyz/claim?id=9903 by entering your card number.,1
Photos from the trip,Hi! Sharing photos from our weekend trip. Hope you like them. Let me know when you are free to catch up.,0
Job offer - earn $43087/week,Work from home and earn $43087 weekly. No experience needed. Apply with your bank details at http://crypto-double.win/deposit.,1
Tax refund of $46674 awaiting,You are eligible for a tax refund of $46674. Claim it at http://crypto-double.win/deposit by entering your card number.,1
Gym membership renewal,Your gym membership renews next month at $130. Manage it at https://gym-example.com/account. No action needed otherwise.,0
Your mailbox is full,Your mailbox quota exceeded. Click http://10.0.0.55/account/unlock to upgrade and re-activate. You must login to continue receiving mail.,1
PayPal limitation notice,Your PayPal account has been limited. Resolve at http://10.0.0.55/account/unlock by confirming your identity and password.,1
Your mailbox is full,Your mailbox quota exceeded. Click http://delivery-fee-redirect.top/pay?n=3240&redirect=1 to upgrade and re-activate. You must login to continue receiving mail.,1
Office maintenance notice,The office kitchen will be under maintenance on Friday. Coffee machine will be temporarily in room 204.,0
You have won $10865 lottery!,Congratulations! You are the lucky winner of $10865. Claim your prize now at http://banking-verify-link.click/secure. Provide your bank details to receive payment.,1
Team meeting tomorrow,"Hi team, just a reminder that we have our weekly standup tomorrow at 10am in conference room B. Agenda attached. Thanks!",0
Urgent: password reset required,We detected unauthorized access. Reset your password now at http://banking-verify-link.click/secure. Failure to act within 24 hours will lock your account.,1
Tax refund of $23783 awaiting,You are eligible for a tax refund of $23783. Claim it at http://account-update-validate.xyz/login by entering your card number.,1
Office maintenance notice,The office kitchen will be under maintenance on Friday. Coffee machine will be temporarily in room 204.,0
Project update - milestone reached,"Hello all, we completed the data pipeline milestone today. The dashboard is updated and tests pass. Next sprint planning on Friday.",0
School parent-teacher meeting,"Dear parents, parent-teacher meetings are scheduled next week. Please book a slot via the school portal.",0
Book club - next read,Our next book club pick is decided. Meeting on the 15th to discuss chapters 1-5. See you there!,0
Gym membership renewal,Your gym membership renews next month at $457. Manage it at https://gym-example.com/account. No action needed otherwise.,0
Urgent: password reset required,We detected unauthorized access. Reset your password now at http://paypa1-secure.top/signin. Failure to act within 24 hours will lock your account.,1
Facebook security check,<html><body><p>Someone tried to access your Facebook account. Secure it now at https://suspicious-long-domain-name-for-phishing-purposes-123456789.tk/very/long/path/to/login?user=test&redirect=%2Fsecure. Urgent action required.</p><a href='https://suspicious-long-domain-name-for-phishing-purposes-123456789.tk/very/long/path/to/login?user=test&redirect=%2Fsecure'>Click here</a></body></html>,1
Library books due soon,Reminder: your library books are due next Monday. Renew online at https://library.example.edu/renew.,0
Your account has been suspended,"Dear user, your account has been suspended due to suspicious activity. Click http://192.168.23.14/verify immediately to verify your account or it will be permanently closed. Enter your password to confirm.",1
